{
  "package": "english",
  "name": "USA - FOX Regionals.",
  "groupIndex": 38,
  "totalChannels": 67,
  "channels": [
    {
      "name": "USA | FOX Abilene, TX KXVAⓧ  (101-SERVERS)",
      "group": "USA - FOX Regionals.",
      "logo": "https://logo.m3uassets.com/fox15kxvaabilene.png"
    },
    {
      "name": "USA | FOX Albuquerque, NM KRQEⓧ  (101-SERVERS)",
      "group": "USA - FOX Regionals.",
      "logo": "https://logo.m3uassets.com/cbs13albuquerquenmkrqe.png"
    },
    {
      "name": "USA | FOX Atlanta, GA WAGAⓧ  (101-SERVERS)",
      "group": "USA - FOX Regionals.",
      "logo": "https://logo.m3uassets.com/foxatlantaga.png"
    },
    {
      "name": "USA | FOX Augusta, GA WFXGⓧ  (101-SERVERS)",
      "group": "USA - FOX Regionals.",
      "logo": "https://logo.m3uassets.com/augustagafoxwfxg.png"
    },
    {
      "name": "USA | FOX Austin, TX KTBCⓧ  (101-SERVERS)",
      "group": "USA - FOX Regionals.",
      "logo": "https://logo.m3uassets.com/foxktbcaustintx.png"
    },
    {
      "name": "USA | FOX Birmingham, AL WBRCⓧ  (101-SERVERS)",
      "group": "USA - FOX Regionals.",
      "logo": "https://logo.m3uassets.com/birminghamfox6wbrc.png"
    },
    {
      "name": "USA | FOX Boise, ID KNINⓧ  (101-SERVERS)",
      "group": "USA - FOX Regionals.",
      "logo": "https://logo.m3uassets.com/foxknin.png"
    },
    {
      "name": "USA | FOX Burlington, VT WFFFⓧ  (101-SERVERS)",
      "group": "USA - FOX Regionals.",
      "logo": "https://logo.m3uassets.com/foxknin.png"
    },
    {
      "name": "USA | FOX Cape Coral, FL WFTXⓧ  (101-SERVERS)",
      "group": "USA - FOX Regionals.",
      "logo": "https://logo.m3uassets.com/flfoxcapecoralfox34.png"
    },
    {
      "name": "USA | FOX Charleston, SC WTATⓧ  (101-SERVERS)",
      "group": "USA - FOX Regionals.",
      "logo": "https://logo.m3uassets.com/foxcharlestonwv.png"
    },
    {
      "name": "USA | FOX Charlotte, NC WJZYⓧ  (101-SERVERS)",
      "group": "USA - FOX Regionals.",
      "logo": "https://logo.m3uassets.com/foxcharlotte.png"
    },
    {
      "name": "USA | FOX Chattanooga, TN WTVCⓧ  (101-SERVERS)",
      "group": "USA - FOX Regionals.",
      "logo": "https://logo.m3uassets.com/chattanoogaabc9wtvc.png"
    },
    {
      "name": "USA | FOX Chicago, IL WFLDⓧ  (101-SERVERS)",
      "group": "USA - FOX Regionals.",
      "logo": "https://logo.m3uassets.com/foxchicago.png"
    },
    {
      "name": "USA | FOX Columbia, SC WACHⓧ  (101-SERVERS)",
      "group": "USA - FOX Regionals.",
      "logo": "https://logo.m3uassets.com/foxcolumbia.png"
    },
    {
      "name": "USA | FOX Dallas, TX KDFWⓧ  (101-SERVERS)",
      "group": "USA - FOX Regionals.",
      "logo": "https://logo.m3uassets.com/foxdallastxkdfw.png"
    },
    {
      "name": "USA | FOX Denver, CO KDVRⓧ  (101-SERVERS)",
      "group": "USA - FOX Regionals.",
      "logo": "https://logo.m3uassets.com/foxdenvercokdvr.png"
    },
    {
      "name": "USA | FOX Des Moines KDSMⓧ  (101-SERVERS)",
      "group": "USA - FOX Regionals.",
      "logo": "https://logo.m3uassets.com/desmoinesfox17kdsm.png"
    },
    {
      "name": "USA | FOX Dothan, AL WDFXⓧ  (101-SERVERS)",
      "group": "USA - FOX Regionals.",
      "logo": "https://logo.m3uassets.com/foxknin.png"
    },
    {
      "name": "USA | FOX El Paso, TX KFOXⓧ  (101-SERVERS)",
      "group": "USA - FOX Regionals.",
      "logo": "https://logo.m3uassets.com/elpasotxfoxkfox.png"
    },
    {
      "name": "USA | FOX Fargo, ND KVRRⓧ  (101-SERVERS)",
      "group": "USA - FOX Regionals.",
      "logo": "https://logo.m3uassets.com/fox15fargondkvrr.png"
    },
    {
      "name": "USA | FOX Fort Smith, AR KFTAⓧ  (101-SERVERS)",
      "group": "USA - FOX Regionals.",
      "logo": "https://logo.m3uassets.com/fortsmithfox24kfta.png"
    },
    {
      "name": "USA | FOX Fresno, CA KMPHⓧ  (101-SERVERS)",
      "group": "USA - FOX Regionals.",
      "logo": "https://logo.m3uassets.com/foxfresno.png"
    },
    {
      "name": "USA | FOX Green Bay, WI WLUKⓧ  (101-SERVERS)",
      "group": "USA - FOX Regionals.",
      "logo": "https://logo.m3uassets.com/greenbaywifoxwluk.png"
    },
    {
      "name": "USA | FOX Greenville, NC WYDOⓧ  (101-SERVERS)",
      "group": "USA - FOX Regionals.",
      "logo": "https://logo.m3uassets.com/foxknin.png"
    },
    {
      "name": "USA | FOX Greenville, SC WHNSⓧ  (101-SERVERS)",
      "group": "USA - FOX Regionals.",
      "logo": "https://logo.m3uassets.com/foxwhnsgreenvillesc.png"
    },
    {
      "name": "USA | FOX Harlingen, TX KFXVⓧ  (101-SERVERS)",
      "group": "USA - FOX Regionals.",
      "logo": "https://logo.m3uassets.com/foxknin.png"
    },
    {
      "name": "USA | FOX Harrisburg. PA WPMTⓧ  (101-SERVERS)",
      "group": "USA - FOX Regionals.",
      "logo": "https://logo.m3uassets.com/harrisburgpafoxwpmt.png"
    },
    {
      "name": "USA | FOX Hartford, CT WTICⓧ  (101-SERVERS)",
      "group": "USA - FOX Regionals.",
      "logo": "https://logo.m3uassets.com/foxwtichartfordct.png"
    },
    {
      "name": "USA | FOX Honolulu, HI KHONⓧ  (101-SERVERS)",
      "group": "USA - FOX Regionals.",
      "logo": "https://logo.m3uassets.com/fox2honoluluhikhon.png"
    },
    {
      "name": "USA | FOX Jacksonville, FL WFOXⓧ  (101-SERVERS)",
      "group": "USA - FOX Regionals.",
      "logo": "https://logo.m3uassets.com/foxjacksonvillefl.png"
    },
    {
      "name": "USA | FOX Johnstown, PA WWCPⓧ  (101-SERVERS)",
      "group": "USA - FOX Regionals.",
      "logo": "https://logo.m3uassets.com/johnstownfox8wwcp.png"
    },
    {
      "name": "USA | FOX Kansas City, MO WDAFⓧ  (101-SERVERS)",
      "group": "USA - FOX Regionals.",
      "logo": "https://logo.m3uassets.com/fox4kansascitymowdaf.png"
    },
    {
      "name": "USA | FOX Knoxville, TN WTNZⓧ  (101-SERVERS)",
      "group": "USA - FOX Regionals.",
      "logo": "https://logo.m3uassets.com/knoxvillefox43wtnz.png"
    },
    {
      "name": "USA | FOX Lansing, MI WSYMⓧ  (101-SERVERS)",
      "group": "USA - FOX Regionals.",
      "logo": "https://logo.m3uassets.com/fox47lansingmiwsym.png"
    },
    {
      "name": "USA | FOX Las Vegas, NV KVVUⓧ  (101-SERVERS)",
      "group": "USA - FOX Regionals.",
      "logo": "https://logo.m3uassets.com/foxkvvulasvegasnv.png"
    },
    {
      "name": "USA | FOX Lexington, KY WDKYⓧ OFFLINE  (101-SERVERS)",
      "group": "USA - FOX Regionals.",
      "logo": "https://logo.m3uassets.com/foxknin.png"
    },
    {
      "name": "USA | FOX Los Angeles, CA KTTVⓧ  (101-SERVERS)",
      "group": "USA - FOX Regionals.",
      "logo": "https://logo.m3uassets.com/foxlosangelescakttv.png"
    },
    {
      "name": "USA | FOX Macon, GA WGXAⓧ  (101-SERVERS)",
      "group": "USA - FOX Regionals.",
      "logo": "https://logo.m3uassets.com/foxknin.png"
    },
    {
      "name": "USA | FOX Miami, FL WSVNⓧ  (101-SERVERS)",
      "group": "USA - FOX Regionals.",
      "logo": "https://logo.m3uassets.com/foxwsvnmiamifl.png"
    },
    {
      "name": "USA | FOX Milwaukee, WI WITIⓧ  (101-SERVERS)",
      "group": "USA - FOX Regionals.",
      "logo": "http://img-cdn.curl.pk:8880/channels_icon_api/b7c1facfc91b2f08e027df541715998c.png"
    },
    {
      "name": "USA | FOX Minneapolis, MN KMSPⓧ  (101-SERVERS)",
      "group": "USA - FOX Regionals.",
      "logo": "https://logo.m3uassets.com/foxminneapolis.png"
    },
    {
      "name": "USA | FOX New Orleans, LA WVUEⓧ  (101-SERVERS)",
      "group": "USA - FOX Regionals.",
      "logo": "https://logo.m3uassets.com/neworleanslafoxwvue.png"
    },
    {
      "name": "USA | FOX New York City, NY WNYWⓧ  (101-SERVERS)",
      "group": "USA - FOX Regionals.",
      "logo": "https://logo.m3uassets.com/foxnewyorknywnyw.png"
    },
    {
      "name": "USA | FOX Newport, KY WXIXⓧ  (101-SERVERS)",
      "group": "USA - FOX Regionals.",
      "logo": "https://logo.m3uassets.com/fox19wxixnewport(f).png"
    },
    {
      "name": "USA | FOX Oakland, CA 2KTVUⓧ  (101-SERVERS)",
      "group": "USA - FOX Regionals.",
      "logo": "https://logo.m3uassets.com/fox2ktvuoakland(f).png"
    },
    {
      "name": "USA | FOX Omaha, NE KPTMⓧ  (101-SERVERS)",
      "group": "USA - FOX Regionals.",
      "logo": "https://logo.m3uassets.com/foxknin.png"
    },
    {
      "name": "USA | FOX Palm Springs, CA KDFXⓧ  (101-SERVERS)",
      "group": "USA - FOX Regionals.",
      "logo": "https://logo.m3uassets.com/foxknin.png"
    },
    {
      "name": "USA | FOX Pittsburgh, PA WPGHⓧ  (101-SERVERS)",
      "group": "USA - FOX Regionals.",
      "logo": "https://logo.m3uassets.com/foxpittsburgh.png"
    },
    {
      "name": "USA | FOX Portland, OR KPTVⓧ  (101-SERVERS)",
      "group": "USA - FOX Regionals.",
      "logo": "https://logo.m3uassets.com/portlandorfoxkptv.png"
    },
    {
      "name": "USA | FOX Presque Isle, ME WAGM-DT2ⓧ  (101-SERVERS)",
      "group": "USA - FOX Regionals.",
      "logo": "https://logo.m3uassets.com/foxknin.png"
    },
    {
      "name": "USA | FOX Providence, RI WNACⓧ  (101-SERVERS)",
      "group": "USA - FOX Regionals.",
      "logo": "https://logo.m3uassets.com/fox64providenceriwnac.png"
    },
    {
      "name": "USA | FOX Reno, NV KRXIⓧ  (101-SERVERS)",
      "group": "USA - FOX Regionals.",
      "logo": "https://logo.m3uassets.com/foxknin.png"
    },
    {
      "name": "USA | FOX Richmond, VA WRLH  (101-SERVERS)",
      "group": "USA - FOX Regionals.",
      "logo": "https://logo.m3uassets.com/richmondfox35wrlh.png"
    },
    {
      "name": "USA | FOX Roanoke, VA WFXRⓧ  (101-SERVERS)",
      "group": "USA - FOX Regionals.",
      "logo": "https://logo.m3uassets.com/fox27roanokevawfxr.png"
    },
    {
      "name": "USA | FOX Sacramento, CA KTXLⓧ  (101-SERVERS)",
      "group": "USA - FOX Regionals.",
      "logo": "https://logo.m3uassets.com/sacramentofoxktxl.png"
    },
    {
      "name": "USA | FOX Salinas, CA KCBAⓧ  (101-SERVERS)",
      "group": "USA - FOX Regionals.",
      "logo": "https://logo.m3uassets.com/salinasfox35kcba.png"
    },
    {
      "name": "USA | FOX Salt Lake City, UT KSTUⓧ  (101-SERVERS)",
      "group": "USA - FOX Regionals.",
      "logo": "https://logo.m3uassets.com/fox13saltlakecityutkstu.png"
    },
    {
      "name": "USA | FOX San Francisco, CA KTVUⓧ  (101-SERVERS)",
      "group": "USA - FOX Regionals.",
      "logo": "https://logo.m3uassets.com/foxsanfrancisco.png"
    },
    {
      "name": "USA | FOX Savannah, GA WTGSⓧ  (101-SERVERS)",
      "group": "USA - FOX Regionals.",
      "logo": "https://logo.m3uassets.com/foxknin.png"
    },
    {
      "name": "USA | FOX Seattle, WA KCPQⓧ  (101-SERVERS)",
      "group": "USA - FOX Regionals.",
      "logo": "https://logo.m3uassets.com/foxkcpqseattlewa.png"
    },
    {
      "name": "USA | FOX Shrevport, LA KMSSⓧ  (101-SERVERS)",
      "group": "USA - FOX Regionals.",
      "logo": "https://logo.m3uassets.com/fox33shreveportlakmss.png"
    },
    {
      "name": "USA | FOX Sioux Falls, IA KTTWⓧ  (101-SERVERS)",
      "group": "USA - FOX Regionals.",
      "logo": "https://logo.m3uassets.com/siouxfallsfoxkttw.png"
    },
    {
      "name": "USA | FOX St Louis, MO KTVIⓧ  (101-SERVERS)",
      "group": "USA - FOX Regionals.",
      "logo": "https://logo.m3uassets.com/foxktvistlouismo.png"
    },
    {
      "name": "USA | FOX Tampa Bay, FL WTVTⓧ  (101-SERVERS)",
      "group": "USA - FOX Regionals.",
      "logo": "https://logo.m3uassets.com/foxtampabay.png"
    },
    {
      "name": "USA | FOX Toledo, OH WUPWⓧ  (101-SERVERS)",
      "group": "USA - FOX Regionals.",
      "logo": "https://logo.m3uassets.com/fox36toledoohwupw.png"
    },
    {
      "name": "USA | FOX Washington, DC WTTGⓧ  (101-SERVERS)",
      "group": "USA - FOX Regionals.",
      "logo": "https://logo.m3uassets.com/foxwttgwashingtondc.png"
    },
    {
      "name": "USA | FOX Youngstown, OH WYFXⓧ  (101-SERVERS)",
      "group": "USA - FOX Regionals.",
      "logo": "https://logo.m3uassets.com/fox62youngstownohwyfx.png"
    }
  ]
}